카테고리,순위,품번,브랜드명,상품명(한글),판매가,비회원가,좋아요 수,URL
가방,1,P0000DYT,L.E.E.Y,RIVET SPRAY CYLINDER MINI BAG WHITE,178000,160200,31,https://www.musinsa.com/app/goods/3567593?loc=goods_rank
가방,2,NM2DP51A,THE NORTH FACE,NM2DP51A 빅샷,150000,135000,61365,https://www.musinsa.com/app/goods/1034480?loc=goods_rank
가방,3,Cushiony Hobo Bag,DUMARO,쿠셔니 호보 백,94000,94000,396,https://www.musinsa.com/app/goods/2402762?loc=goods_rank
가방,4,A043CD2B,AGED GRAY,코듀라더블버클2웨이백팩,98000,98000,5254,https://www.musinsa.com/app/goods/1241170?loc=goods_rank
가방,5,S#ak11,HAHARCHIVE,아크 블랙 메신저백,"
                                                                                                                                                79000",79000,117862,https://www.musinsa.com/app/goods/1789507?loc=goods_rank
가방,6,P0000DYS,L.E.E.Y,RIVET SPRAY CYLINDER MINI BAG BLACK,178000,160200,34,https://www.musinsa.com/app/goods/3567536?loc=goods_rank
가방,7,5005325217,MASMARULEZ,Daily string bobu bag _ butter cream,62000,46500,11119,https://www.musinsa.com/app/goods/3408132?loc=goods_rank
가방,8,5004514697,MASMARULEZ,Daily string bobu bag _ Black,62000,52700,23326,https://www.musinsa.com/app/goods/3345187?loc=goods_rank
가방,9,JS0A4QUT008,JANSPORT,슈퍼브레이크 BLACK,54000,51200,34532,https://www.musinsa.com/app/goods/1528287?loc=goods_rank
가방,10,FMPSABA102M,MAISON MINED,BUCKLE STRAP HOBO BAG,99000,84150,45415,https://www.musinsa.com/app/goods/1842449?loc=goods_rank
가방,11,21N-017A,STAND OIL,Oblong bag Mini · 오블롱백 미니,"
                                                                                                                                                96000",96000,51844,https://www.musinsa.com/app/goods/2344540?loc=goods_rank
가방,12,PD08BG1003BK,PHYSICAL EDUCATION DEPARTMENT,PHYPS® DRAW STRING SLING BAG BLACK,69000,59000,3568,https://www.musinsa.com/app/goods/3469650?loc=goods_rank
가방,13,CR22A512BK,SCULPTOR,Oldschool Slouchy Backpack Black,84000,58800,20818,https://www.musinsa.com/app/goods/3034743?loc=goods_rank
가방,14,11888901,CRASH BAGGAGE,ICON BLACK 26인치 화물용 캐리어 CBG-2SLU162-01,448000,403200,209,https://www.musinsa.com/app/goods/2535676?loc=goods_rank
가방,15,CR23S501GY,SCULPTOR,Vintage Canvas Duffel Bag Pale Gray,72000,50400,45579,https://www.musinsa.com/app/goods/3034751?loc=goods_rank
가방,16,P0000DFG,MATIN KIM,ACCORDION WALLET IN BLACK,"
                                                                                                                                                88000",88000,55632,https://www.musinsa.com/app/goods/1969507?loc=goods_rank
가방,17,Salt Bag,DUMARO,솔트백,98000,98000,1447,https://www.musinsa.com/app/goods/3446244?loc=goods_rank
가방,18,1047725,MADGOAT,듀얼탑 캔버스 토트백 블랙,"
                                                                                                                                                169000",169000,5282,https://www.musinsa.com/app/goods/1766527?loc=goods_rank
가방,19,23S-039B,STAND OIL,Chubby Bag Combi · 츄비백 콤비,119000,113050,294,https://www.musinsa.com/app/goods/3474455?loc=goods_rank
가방,20,H73117020,CARLYN,[23FW] 소프트 홀로그램 M_H73117020,"
                                                                                                                                                90000",90000,140,https://www.musinsa.com/app/goods/3512062?loc=goods_rank
가방,21,731956VCPQ38803SS23,BOTTEGA VENETA,남성 인트레치아토 카드지갑 - 블랙,490000,290000,9,https://www.musinsa.com/app/goods/3511997?loc=goods_rank
가방,22,CR23S501BK,SCULPTOR,Vintage Canvas Duffel Bag Black,72000,50400,27405,https://www.musinsa.com/app/goods/3034749?loc=goods_rank
가방,23,23M-063A,STAND OIL,Plump bag ·  플럼백,89000,84550,7111,https://www.musinsa.com/app/goods/3061872?loc=goods_rank
가방,24,P0000BRM,EMIS,ENAMEL HOBO BAG-IVORY,"
                                                                                                                                                54000",54000,2940,https://www.musinsa.com/app/goods/3495260?loc=goods_rank
가방,25,CR22A512GR,SCULPTOR,Oldschool Slouchy Backpack Sage,84000,58800,25108,https://www.musinsa.com/app/goods/3034745?loc=goods_rank
가방,26,YB1BG0031BK,YALE,THINK PACK,119000,79000,42200,https://www.musinsa.com/app/goods/2066837?loc=goods_rank
가방,27,1176680,BRIGHTON,본드 20/24/28형 여행용캐리어 여행가방 화물용 케리어,230000,74900,15436,https://www.musinsa.com/app/goods/1447194?loc=goods_rank
가방,28,Cashew Nut Bag,DUMARO,캐슈넛백,82500,82500,361,https://www.musinsa.com/app/goods/3337412?loc=goods_rank
가방,29,MAPOBGS0G620101-410,POLO RALPH LAUREN,윔블던 쇼퍼 토트백 - 네이비,149000,104300,1111,https://www.musinsa.com/app/goods/2486325?loc=goods_rank
가방,30,LUXURY_BLACK,BUBILIAN,럭셔리 백팩_Black,135000,69800,24720,https://www.musinsa.com/app/goods/1320752?loc=goods_rank
가방,31,VH1BP2,VETEZE,아이콘 백팩 (블랙),128000,64000,1501,https://www.musinsa.com/app/goods/3005772?loc=goods_rank
가방,32,MK229NBG034M0LG,MATIN KIM,MINI BUCKLE BAG IN LIGHT GREY,"
                                                                                                                                                95000",95000,8984,https://www.musinsa.com/app/goods/2954959?loc=goods_rank
가방,33,JHNCHB1BS898BK980,JESTINA,JOELLE LANI MD 백팩 BK (JHNCHB1BS898BK980),238000,190400,4152,https://www.musinsa.com/app/goods/1938901?loc=goods_rank
가방,34,sserpe20ssbg03,SSERPE,방랑자 가방,"
                                                                                                                                                44000",44000,19572,https://www.musinsa.com/app/goods/1417382?loc=goods_rank
가방,35,NM31AC03M1CH,NOMANUAL,C.B STRING BAG - CHARCOAL,129000,89010,30711,https://www.musinsa.com/app/goods/3047568?loc=goods_rank
가방,36,21N-016A,STAND OIL,Bow bag Mini · 보우백 미니,"
                                                                                                                                                89000",89000,17106,https://www.musinsa.com/app/goods/2344134?loc=goods_rank
가방,37,HJWA3E908BK,HAZZYS MEN ACC,[Online Limited]  블랙 사피아노 가죽 머니클립,98000,88200,304,https://www.musinsa.com/app/goods/2441832?loc=goods_rank
가방,38,PRBA0510BKFR1N,PARITY,럭색 블랙,"
                                                                                                                                                172000",172000,303,https://www.musinsa.com/app/goods/3469890?loc=goods_rank
가방,39,IUG23B04BK,IUGAMAKARAS,Knotted Backpack (Glossy-Black),187000,168300,953,https://www.musinsa.com/app/goods/3410410?loc=goods_rank
가방,40,1MG23CBG101NTR,MARITHE FRANCOIS GIRBAUD,CLASSIC LOGO ECO BAG natural,"
                                                                                                                                                19000",19000,21036,https://www.musinsa.com/app/goods/1580216?loc=goods_rank
가방,41,880066023457,LENEE B,스트링백팩 아이보리,49000,39000,14592,https://www.musinsa.com/app/goods/3323413?loc=goods_rank
가방,42,SMO_B01465,SAMO ONDOH,포켓 머그백 pocket mug bag L - nappa black,"
                                                                                                                                                165000",165000,1439,https://www.musinsa.com/app/goods/3328755?loc=goods_rank
가방,43,BAG04,LAUGHER,RABBIT CROSS BAG - BLACK,89000,80100,8948,https://www.musinsa.com/app/goods/3241091?loc=goods_rank
가방,44,MMQ7AH001A,MAISON MINED,TWO POCKET BACKPACK,98000,83300,29855,https://www.musinsa.com/app/goods/913402?loc=goods_rank
가방,45,BW038,ANODDS,TIWI chain leather bucket bag 4 color,178000,160200,945,https://www.musinsa.com/app/goods/3262131?loc=goods_rank
가방,46,10086420002,SIENNE,Sienne Padding Bag (Cream),"
                                                                                                                                                53000",53000,2389,https://www.musinsa.com/app/goods/3339927?loc=goods_rank
가방,47,essentialMB(bk),PEEPS,에센셜 메신져백 블랙,52000,37700,67789,https://www.musinsa.com/app/goods/342189?loc=goods_rank
가방,48,N215UBMG01BK0FR,NATIONAL PUBLICITY,ANZA HQ 가죽 메신저 크로스백,46000,36800,29841,https://www.musinsa.com/app/goods/1884626?loc=goods_rank
가방,49,C45YU0366010,COLUMBIA,레드우드 30리터 백팩 - 블랙,"
                                                                                                                                                149000",149000,2334,https://www.musinsa.com/app/goods/3033435?loc=goods_rank
가방,50,5214660882,ILLIO,16인치 노트북 파우치,"
                                                                                                                                                75000",75000,1855,https://www.musinsa.com/app/goods/1891087?loc=goods_rank
가방,51,JS47JK008K3,JANSPORT,빅스튜던트 BLACK,89000,71200,21995,https://www.musinsa.com/app/goods/1581689?loc=goods_rank
가방,52,1010822,FIND KAPOOR,마크백 26 크링클드 - 그린,159000,143100,3579,https://www.musinsa.com/app/goods/2368636?loc=goods_rank
가방,53,MK2279BG030M0BB,MATIN KIM,ACCORDION MINI BAG IN BLACK,"
                                                                                                                                                138000",138000,15482,https://www.musinsa.com/app/goods/2770508?loc=goods_rank
가방,54,RR232AC006SB,REST&RECREATION,RR LOGO TERRY SHOUIDER BAG SKYBLUE,"
                                                                                                                                                138000",138000,598,https://www.musinsa.com/app/goods/3333951?loc=goods_rank
가방,55,977keidi,MCLANEE,977케이디 숄더백,85000,65900,10874,https://www.musinsa.com/app/goods/2641252?loc=goods_rank
가방,56,ZEHN,AROUND TO B,첸 웨이스트백 블랙,48000,24800,10941,https://www.musinsa.com/app/goods/571634?loc=goods_rank
가방,57,20aa-tbb-xs-ab,AVAM,All Black Tumbler Bag,"
                                                                                                                                                129000",129000,141,https://www.musinsa.com/app/goods/2598998?loc=goods_rank
가방,58,PGWT0620-RF,CONSPARA,퍼펙트 가드 웨이스트백 T1 (코듀라 립) + 카라비너 PGWT0620-RF,"
                                                                                                                                                128800",128800,362,https://www.musinsa.com/app/goods/2555785?loc=goods_rank
가방,59,S1001,SQUARELINE,Layer shoulder/cross bag - S1001 (7color),84000,58800,19800,https://www.musinsa.com/app/goods/3045081?loc=goods_rank
가방,60,LBT_bk,NEUE,레더보스턴백_블랙_미디움,"
                                                                                                                                                125000",125000,7521,https://www.musinsa.com/app/goods/2261685?loc=goods_rank
가방,61,하프문 나일론 슬링백 크로스백 - 블랙,BYMOSS,하프문 나일론 슬링백 크로스백 - 블랙,61000,37800,839,https://www.musinsa.com/app/goods/3246353?loc=goods_rank
가방,62,DFBG1201,DRAW FIT,슬랜트 메신저 크로스 백 [BLACK],66000,59400,21727,https://www.musinsa.com/app/goods/1964770?loc=goods_rank
가방,63,DKAC0012BK,DIFFERENTIS.OK,D.ok 01 Petra Sling Bag (BK),"
                                                                                                                                                115000",115000,1268,https://www.musinsa.com/app/goods/2968819?loc=goods_rank
가방,64,PALLY_GRAY,BUBILIAN,펠리 백팩_Silver Gray,122000,122000,167,https://www.musinsa.com/app/goods/1094276?loc=goods_rank
가방,65,LAVIE,MARHEN.J,라비백 [+라비월렛 증정],149000,109000,1902,https://www.musinsa.com/app/goods/3428779?loc=goods_rank
가방,66,0LM23CBG001BLK,LMC,SYSTEM CHIFLEY BACKPACK black,119000,107100,4638,https://www.musinsa.com/app/goods/1523839?loc=goods_rank
가방,67,DF22SS8010,DOFFJASON,램스킨,89000,49700,17066,https://www.musinsa.com/app/goods/1256451?loc=goods_rank
가방,68,P00000TN,FILLINTHEBLANK,Icy Hobo Bag (black),"
                                                                                                                                                99800",99800,2121,https://www.musinsa.com/app/goods/2722598?loc=goods_rank
가방,69,11888937,CRASH BAGGAGE,MAXI ICON BLACK 크로스백 CBG-2SAC371-01,119000,95200,92,https://www.musinsa.com/app/goods/2535691?loc=goods_rank
가방,70,JLBA2F320BK,JILL BY JILLSTUART,[리퍼브][ 쭈언니콜라보]리사이클 나일론 라지 케미백 ver.1,158000,94800,66,https://www.musinsa.com/app/goods/3310181?loc=goods_rank
가방,71,21A-006C,STAND OIL,Butter bag · 버터백,"
                                                                                                                                                89000",89000,18515,https://www.musinsa.com/app/goods/2343664?loc=goods_rank
가방,72,JLBA2F310BK,JILL BY JILLSTUART,[리퍼브][ 쭈언니콜라보]레더 미디움 케미백 ver.1,148000,88800,166,https://www.musinsa.com/app/goods/3310126?loc=goods_rank
가방,73,P0000DFD,MATIN KIM,ACCORDION WALLET IN RED,"
                                                                                                                                                88000",88000,1048,https://www.musinsa.com/app/goods/1969467?loc=goods_rank
가방,74,1MG23CBG102DBL,MARITHE FRANCOIS GIRBAUD,CLASSIC LOGO DENIM ECO BAG dark blue,"
                                                                                                                                                29000",29000,11074,https://www.musinsa.com/app/goods/2197634?loc=goods_rank
가방,75,22N-057A,STAND OIL,Post bag · 포스트백,91000,86450,12707,https://www.musinsa.com/app/goods/2930265?loc=goods_rank
가방,76,1,ATELIERPARK,브리즈백_나일론_블랙,"
                                                                                                                                                82000",82000,1027,https://www.musinsa.com/app/goods/3444068?loc=goods_rank
가방,77,CR23A505BK,SCULPTOR,Rose Mini Duffle Bag Black,102000,81600,457,https://www.musinsa.com/app/goods/3460477?loc=goods_rank
가방,78,심플 D링  크로스 메신저백  - 블랙,BYMOSS,심플 D링  크로스 메신저백  - 블랙,69000,39800,238,https://www.musinsa.com/app/goods/3122773?loc=goods_rank
가방,79,MXBG0001,MINDBRIDGE,나일론메신저백 MXBG0001,89900,80910,9,https://www.musinsa.com/app/goods/3551527?loc=goods_rank
가방,80,661523,ARCTERYX,[FW22] 맨티스 2 웨이스트팩,100000,80000,2098,https://www.musinsa.com/app/goods/2958868?loc=goods_rank
가방,81,EB2302BP03BK,EBBETSFIELD,스튜던트 럭색 블랙,99000,79200,1957,https://www.musinsa.com/app/goods/3009752?loc=goods_rank
가방,82,LILIA-CREAM,MARTINCOKS,Lilia Shoulder (릴리아 숄더백) Cream,115000,75000,565,https://www.musinsa.com/app/goods/3348033?loc=goods_rank
가방,83,EU05110WW0008P199SS23,MAISON KITSUNE,공용 폭스 헤드 토트백 - 블랙,95000,73000,270,https://www.musinsa.com/app/goods/3211732?loc=goods_rank
가방,84,LVSO3FM04MI1BL0171,LOUIS QUATORZE,남성카드지갑 SO3FM04BL,103000,72100,1031,https://www.musinsa.com/app/goods/1922619?loc=goods_rank
가방,85,FM1PK10SNF,FENNEC,CRINKLE TRIANGLE ACCORDION POCKET PLUS - SAGE MINT,75000,71250,487,https://www.musinsa.com/app/goods/3086390?loc=goods_rank
가방,86,CR23S505BK,SCULPTOR,Hobo Messenger Bag Black,89000,71200,961,https://www.musinsa.com/app/goods/3171912?loc=goods_rank
가방,87,5002818294,MARDI MERCREDI,PANINI NYLON FLOWERMARDI_IVORY GREEN,79000,71100,1467,https://www.musinsa.com/app/goods/3176943?loc=goods_rank
가방,88,SMPRWH01,PACKNFOLD,슬리브매트 프로 화이트,"
                                                                                                                                                71000",71000,9,https://www.musinsa.com/app/goods/3171798?loc=goods_rank
가방,89,54,UNFOLD,string backpack (black),"
                                                                                                                                                69000",69000,4648,https://www.musinsa.com/app/goods/2066049?loc=goods_rank
가방,90,KUF23B54Z1,K2,마일드(MILD) 패디드 세로 슬링백ECO_Black,"
                                                                                                                                                69000",69000,15,https://www.musinsa.com/app/goods/3423750?loc=goods_rank
가방,91,23SPBAG01_BK,ILLIGO,셔링 백 블랙,109000,65000,2800,https://www.musinsa.com/app/goods/3097582?loc=goods_rank
가방,92,m1037_1077658,VUNQUE,Occam Lune Card Wallet (오캄 룬 카드지갑) Camel,"
                                                                                                                                                65000",65000,121,https://www.musinsa.com/app/goods/3411165?loc=goods_rank
가방,93,11888841,CRASH BAGGAGE,EASY LIFE TRAVEL KIT BLACK 파우치 CBG-2SAC360-01,69000,62100,70,https://www.musinsa.com/app/goods/2535596?loc=goods_rank
가방,94,ACE_BLACK,BUBILIAN,에이스 2D 메신저백_Black,90000,62000,665,https://www.musinsa.com/app/goods/2691192?loc=goods_rank
가방,95,m1037_684824,LAFUDGESTORE,버핑레더 유틸리티 플랩 미니 크로스백_Black,56000,43900,62558,https://www.musinsa.com/app/goods/1758217?loc=goods_rank
가방,96,YA024_BK,YURT,Molly_Black,76000,60800,173,https://www.musinsa.com/app/goods/2601095?loc=goods_rank
가방,97,1,ATELIERPARK,클로드백_블랙,192000,172800,554,https://www.musinsa.com/app/goods/3532735?loc=goods_rank
가방,98,Cashew Nut Bag,DUMARO,캐슈넛백,82500,82500,376,https://www.musinsa.com/app/goods/3337410?loc=goods_rank
가방,99,HLCWSMSBC22,HARLIEK,세미 플립 카드지갑 - 블루카멜,"
                                                                                                                                                59000",59000,274,https://www.musinsa.com/app/goods/2958597?loc=goods_rank
가방,100,S3UAC087,SIENNE,Suede Mini Padding Bag (Violet),"
                                                                                                                                                57000",57000,624,https://www.musinsa.com/app/goods/3306432?loc=goods_rank
